{
  "configVersion": 1,
  "timestamp": 1573206971582,
  "index": "/index.html",
  "assetGroups": [
    {
      "name": "app",
      "installMode": "prefetch",
      "updateMode": "prefetch",
      "urls": [
        "/favicon.ico",
        "/index.html",
        "/main-es2015.93018588255fef9d92c2.js",
        "/main-es5.93018588255fef9d92c2.js",
        "/manifest.webmanifest",
        "/polyfills-es2015.fd917e7c3ed57f282ee5.js",
        "/polyfills-es5.f9fad3ad3c84e6dbdd72.js",
        "/runtime-es2015.24b02acc1f369d9b9f37.js",
        "/runtime-es5.24b02acc1f369d9b9f37.js",
        "/styles.c4c0568f2de3a188e011.css"
      ],
      "patterns": []
    },
    {
      "name": "assets",
      "installMode": "lazy",
      "updateMode": "prefetch",
      "urls": [
        "/assets/icons/icon-128x128.png",
        "/assets/icons/icon-144x144.png",
        "/assets/icons/icon-152x152.png",
        "/assets/icons/icon-192x192.png",
        "/assets/icons/icon-384x384.png",
        "/assets/icons/icon-512x512.png",
        "/assets/icons/icon-72x72.png",
        "/assets/icons/icon-96x96.png"
      ],
      "patterns": []
    }
  ],
  "dataGroups": [],
  "hashTable": {
    "/assets/icons/icon-128x128.png": "dae3b6ed49bdaf4327b92531d4b5b4a5d30c7532",
    "/assets/icons/icon-144x144.png": "b0bd89982e08f9bd2b642928f5391915b74799a7",
    "/assets/icons/icon-152x152.png": "7479a9477815dfd9668d60f8b3b2fba709b91310",
    "/assets/icons/icon-192x192.png": "1abd80d431a237a853ce38147d8c63752f10933b",
    "/assets/icons/icon-384x384.png": "329749cd6393768d3131ed6304c136b1ca05f2fd",
    "/assets/icons/icon-512x512.png": "559d9c4318b45a1f2b10596bbb4c960fe521dbcc",
    "/assets/icons/icon-72x72.png": "c457e56089a36952cd67156f9996bc4ce54a5ed9",
    "/assets/icons/icon-96x96.png": "3914125a4b445bf111c5627875fc190f560daa41",
    "/favicon.ico": "22f6a4a3bcaafafb0254e0f2fa4ceb89e505e8b2",
    "/index.html": "0ddbc8670368d34dcd9c626ad0f5ce6e53a4c527",
    "/main-es2015.93018588255fef9d92c2.js": "984b4dc150cc5d87dfedb6f3ff61da7dae3734f0",
    "/main-es5.93018588255fef9d92c2.js": "36896786b4e409f2f348a2b7a4a18b58daaedbe4",
    "/manifest.webmanifest": "0906b4ad8e14ea63010b287b3488fa2b463f83e4",
    "/polyfills-es2015.fd917e7c3ed57f282ee5.js": "e2f28c3743afd2899e140ad831df9675c233c02b",
    "/polyfills-es5.f9fad3ad3c84e6dbdd72.js": "9ab1ff82f0d4de8ea99a7c18fa536116b571683e",
    "/runtime-es2015.24b02acc1f369d9b9f37.js": "a9aafcf49f49145093fc831efd9b8e2f6c71bb9c",
    "/runtime-es5.24b02acc1f369d9b9f37.js": "672197515af830a58c90096af737113c2b45b674",
    "/styles.c4c0568f2de3a188e011.css": "d69a52e355877ffa9fc7377fdeb513015678b900"
  },
  "navigationUrls": [
    {
      "positive": true,
      "regex": "^\\/.*$"
    },
    {
      "positive": false,
      "regex": "^\\/(?:.+\\/)?[^/]*\\.[^/]*$"
    },
    {
      "positive": false,
      "regex": "^\\/(?:.+\\/)?[^/]*__[^/]*$"
    },
    {
      "positive": false,
      "regex": "^\\/(?:.+\\/)?[^/]*__[^/]*\\/.*$"
    }
  ]
}